Microsoft Windows [Version 10.0.26200.7171]
(c) Microsoft Corporation. All rights reserved.

C:\Users\ahmad fajrin>cd..

C:\Users>cd..

C:\>"xampp/mysql/bin/mysql.exe" -u root -p
Enter password:
Welcome to the MariaDB monitor.  Commands end with ; or \g.
Your MariaDB connection id is 8
Server version: 10.4.32-MariaDB mariadb.org binary distribution

Copyright (c) 2000, 2018, Oracle, MariaDB Corporation Ab and others.

Type 'help;' or '\h' for help. Type '\c' to clear the current input statement.


MariaDB [(none)]> CREATE DATABASE TOKO_JUNI;
Query OK, 1 row affected (0.009 sec)

MariaDB [(none)]> USE TOKO_JUNI;
Database changed
MariaDB [TOKO_JUNI]> CREATE TABLE pelanggan (
    ->     id_pelanggan INT AUTO_INCREMENT PRIMARY KEY,
    ->     nama VARCHAR(50),
    ->     alamat VARCHAR(100),
    ->     no_hp VARCHAR(15)
    -> );
Query OK, 0 rows affected (0.012 sec)

MariaDB [TOKO_JUNI]> CREATE TABLE produk (
    ->     id_produk INT AUTO_INCREMENT PRIMARY KEY,
    ->     nama_produk VARCHAR(50),
    ->     harga INT,
    ->     stok INT
    -> );
Query OK, 0 rows affected (0.017 sec)

MariaDB [TOKO_JUNI]> CREATE TABLE transaksi (
    ->     id_transaksi INT AUTO_INCREMENT PRIMARY KEY,
    ->     id_pelanggan INT,
    ->     id_produk INT,
    ->     jumlah INT,
    ->     tanggal DATE,
    ->     FOREIGN KEY (id_pelanggan) REFERENCES pelanggan(id_pelanggan),
    ->     FOREIGN KEY (id_produk) REFERENCES produk(id_produk)
    -> );
Query OK, 0 rows affected (0.035 sec)

MariaDB [TOKO_JUNI]> INSERT INTO pelanggan (nama, alamat, no_hp) VALUES
    -> ('Andi', 'Jakarta', '0811111111'),
    -> ('Budi', 'Bandung', '0812222222'),
    -> ('Citra', 'Surabaya', '0813333333'),
    -> ('Dewi', 'Medan', '0814444444'),
    -> ('Eko', 'Bogor', '0815555555'),
    -> ('Fani', 'Malang', '0816666666'),
    -> ('Gilang', 'Makassar', '0817777777'),
    -> ('Hana', 'Semarang', '0818888888'),
    -> ('Indra', 'Bali', '0819999999'),
    -> ('Joko', 'Palembang', '0821111111'),
    -> ('Kiki', 'Padang', '0822222222'),
    -> ('Lina', 'Yogyakarta', '0823333333'),
    -> ('Mira', 'Lampung', '0824444444'),
    -> ('Naufal', 'Pontianak', '0825555555'),
    -> ('Oki', 'Balikpapan', '0826666666');
Query OK, 15 rows affected (0.045 sec)
Records: 15  Duplicates: 0  Warnings: 0

MariaDB [TOKO_JUNI]> INSERT INTO produk (nama_produk, harga, stok) VALUES
    -> ('Pensil', 3000, 50),
    -> ('Pulpen', 5000, 60),
    -> ('Buku Tulis', 7000, 40),
    -> ('Penghapus', 2000, 100),
    -> ('Penggaris', 4000, 80),
    -> ('Spidol', 8000, 30),
    -> ('Map', 2500, 70),
    -> ('Binder', 15000, 25),
    -> ('Stabilo', 12000, 45),
    -> ('Kuas', 6000, 35),
    -> ('Crayon', 20000, 20),
    -> ('Kertas HVS', 35000, 15),
    -> ('Lakban', 5000, 50),
    -> ('Kalkulator', 45000, 10),
    -> ('Tas Sekolah', 100000, 15);
Query OK, 15 rows affected (0.009 sec)
Records: 15  Duplicates: 0  Warnings: 0

MariaDB [TOKO_JUNI]> INSERT INTO transaksi (id_pelanggan, id_produk, jumlah, tanggal) VALUES
    -> (1, 3, 2, '2025-01-10'),
    -> (2, 1, 5, '2025-01-11'),
    -> (3, 7, 1, '2025-01-11'),
    -> (4, 2, 3, '2025-01-12'),
    -> (5, 5, 2, '2025-01-12'),
    -> (6, 9, 1, '2025-01-13'),
    -> (7, 4, 4, '2025-01-14'),
    -> (8, 6, 2, '2025-01-14'),
    -> (9, 10, 1, '2025-01-15'),
    -> (10, 8, 2, '2025-01-15'),
    -> (11, 11, 1, '2025-01-16'),
    -> (12, 12, 3, '2025-01-16'),
    -> (13, 13, 2, '2025-01-17'),
    -> (14, 14, 1, '2025-01-17'),
    -> (15, 15, 1, '2025-01-18');
Query OK, 15 rows affected (0.007 sec)
Records: 15  Duplicates: 0  Warnings: 0

MariaDB [TOKO_JUNI]> SELECT * FROM pelanggan;
+--------------+--------+------------+------------+
| id_pelanggan | nama   | alamat     | no_hp      |
+--------------+--------+------------+------------+
|            1 | Andi   | Jakarta    | 0811111111 |
|            2 | Budi   | Bandung    | 0812222222 |
|            3 | Citra  | Surabaya   | 0813333333 |
|            4 | Dewi   | Medan      | 0814444444 |
|            5 | Eko    | Bogor      | 0815555555 |
|            6 | Fani   | Malang     | 0816666666 |
|            7 | Gilang | Makassar   | 0817777777 |
|            8 | Hana   | Semarang   | 0818888888 |
|            9 | Indra  | Bali       | 0819999999 |
|           10 | Joko   | Palembang  | 0821111111 |
|           11 | Kiki   | Padang     | 0822222222 |
|           12 | Lina   | Yogyakarta | 0823333333 |
|           13 | Mira   | Lampung    | 0824444444 |
|           14 | Naufal | Pontianak  | 0825555555 |
|           15 | Oki    | Balikpapan | 0826666666 |
+--------------+--------+------------+------------+
15 rows in set (0.000 sec)

MariaDB [TOKO_JUNI]> SELECT * FROM produk;
+-----------+-------------+--------+------+
| id_produk | nama_produk | harga  | stok |
+-----------+-------------+--------+------+
|         1 | Pensil      |   3000 |   50 |
|         2 | Pulpen      |   5000 |   60 |
|         3 | Buku Tulis  |   7000 |   40 |
|         4 | Penghapus   |   2000 |  100 |
|         5 | Penggaris   |   4000 |   80 |
|         6 | Spidol      |   8000 |   30 |
|         7 | Map         |   2500 |   70 |
|         8 | Binder      |  15000 |   25 |
|         9 | Stabilo     |  12000 |   45 |
|        10 | Kuas        |   6000 |   35 |
|        11 | Crayon      |  20000 |   20 |
|        12 | Kertas HVS  |  35000 |   15 |
|        13 | Lakban      |   5000 |   50 |
|        14 | Kalkulator  |  45000 |   10 |
|        15 | Tas Sekolah | 100000 |   15 |
+-----------+-------------+--------+------+
15 rows in set (0.000 sec)

MariaDB [TOKO_JUNI]> SELECT * FROM transaksi;
+--------------+--------------+-----------+--------+------------+
| id_transaksi | id_pelanggan | id_produk | jumlah | tanggal    |
+--------------+--------------+-----------+--------+------------+
|            1 |            1 |         3 |      2 | 2025-01-10 |
|            2 |            2 |         1 |      5 | 2025-01-11 |
|            3 |            3 |         7 |      1 | 2025-01-11 |
|            4 |            4 |         2 |      3 | 2025-01-12 |
|            5 |            5 |         5 |      2 | 2025-01-12 |
|            6 |            6 |         9 |      1 | 2025-01-13 |
|            7 |            7 |         4 |      4 | 2025-01-14 |
|            8 |            8 |         6 |      2 | 2025-01-14 |
|            9 |            9 |        10 |      1 | 2025-01-15 |
|           10 |           10 |         8 |      2 | 2025-01-15 |
|           11 |           11 |        11 |      1 | 2025-01-16 |
|           12 |           12 |        12 |      3 | 2025-01-16 |
|           13 |           13 |        13 |      2 | 2025-01-17 |
|           14 |           14 |        14 |      1 | 2025-01-17 |
|           15 |           15 |        15 |      1 | 2025-01-18 |
+--------------+--------------+-----------+--------+------------+
15 rows in set (0.001 sec)

MariaDB [TOKO_JUNI]>
